<?xml version="1.0" encoding="UTF-8"?>
<project-private xmlns="http://www.netbeans.org/ns/project-private/1">
    <editor-bookmarks xmlns="http://www.netbeans.org/ns/editor-bookmarks/2" lastBookmarkId="0"/>
    <open-files xmlns="http://www.netbeans.org/ns/projectui-open-files/2">
        <group name="CopiadoProfe">
            <file>file:/C:/Users/pesada/Documents/NetBeansProjects/ToDoListMVC/web/index.jsp</file>
            <file>file:/C:/Users/pesada/Documents/NetBeansProjects/ToDoListMVC/src/java/bd/Conexion.java</file>
            <file>file:/C:/Users/pesada/Documents/NetBeansProjects/ToDoListMVC/src/java/modelo/Operaciones.java</file>
            <file>file:/C:/Users/pesada/Documents/NetBeansProjects/ToDoListMVC/src/java/entidades/Tarea.java</file>
            <file>file:/C:/Users/pesada/Documents/NetBeansProjects/ToDoListMVC/src/java/controlador/Control.java</file>
            <file>file:/C:/Users/pesada/Documents/NetBeansProjects/ToDoListMVC/web/css/estilo.css</file>
        </group>
    </open-files>
</project-private>
